{"output":"00:13:19.893207732: Error Sensitive files that contain attributes of pod's CPU opened.(span.id = <NA> span.ntags=<NA> span.tags=<NA> evtin.span.id=<NA> evtin.span.ntags=<NA>)","priority":"Error","rule":"Test open file","source":"syscall","tags":["container","users"],"time":"2022-07-27T07:13:19.893207732Z", "output_fields": {"evt.time":1658905999893207732,"evtin.span.id":null,"evtin.span.ntags":null,"span.id":null,"span.ntags":null,"span.tags":null}}
{"output":"00:13:19.893416215: Error Sensitive files that contain attributes of pod's CPU opened.(span.id = <NA> span.ntags=<NA> span.tags=<NA> evtin.span.id=<NA> evtin.span.ntags=<NA>)","priority":"Error","rule":"Test open file","source":"syscall","tags":["container","users"],"time":"2022-07-27T07:13:19.893416215Z", "output_fields": {"evt.time":1658905999893416215,"evtin.span.id":null,"evtin.span.ntags":null,"span.id":null,"span.ntags":null,"span.tags":null}}
{"output":"00:13:19.893426679: Error Sensitive files that contain attributes of pod's CPU opened.(span.id = <NA> span.ntags=<NA> span.tags=<NA> evtin.span.id=<NA> evtin.span.ntags=<NA>)","priority":"Error","rule":"Test open file","source":"syscall","tags":["container","users"],"time":"2022-07-27T07:13:19.893426679Z", "output_fields": {"evt.time":1658905999893426679,"evtin.span.id":null,"evtin.span.ntags":null,"span.id":null,"span.ntags":null,"span.tags":null}}
{"output":"00:13:19.893435100: Error Sensitive files that contain attributes of pod's CPU opened.(span.id = <NA> span.ntags=<NA> span.tags=<NA> evtin.span.id=<NA> evtin.span.ntags=<NA>)","priority":"Error","rule":"Test open file","source":"syscall","tags":["container","users"],"time":"2022-07-27T07:13:19.893435100Z", "output_fields": {"evt.time":1658905999893435100,"evtin.span.id":null,"evtin.span.ntags":null,"span.id":null,"span.ntags":null,"span.tags":null}}
{"output":"00:13:19.893444699: Error Sensitive files that contain attributes of pod's CPU opened.(span.id = <NA> span.ntags=<NA> span.tags=<NA> evtin.span.id=<NA> evtin.span.ntags=<NA>)","priority":"Error","rule":"Test open file","source":"syscall","tags":["container","users"],"time":"2022-07-27T07:13:19.893444699Z", "output_fields": {"evt.time":1658905999893444699,"evtin.span.id":null,"evtin.span.ntags":null,"span.id":null,"span.ntags":null,"span.tags":null}}
{"output":"00:13:19.893452976: Error Sensitive files that contain attributes of pod's CPU opened.(span.id = <NA> span.ntags=<NA> span.tags=<NA> evtin.span.id=<NA> evtin.span.ntags=<NA>)","priority":"Error","rule":"Test open file","source":"syscall","tags":["container","users"],"time":"2022-07-27T07:13:19.893452976Z", "output_fields": {"evt.time":1658905999893452976,"evtin.span.id":null,"evtin.span.ntags":null,"span.id":null,"span.ntags":null,"span.tags":null}}
{"output":"00:13:19.893472978: Error Sensitive files that contain attributes of pod's CPU opened.(span.id = <NA> span.ntags=<NA> span.tags=<NA> evtin.span.id=<NA> evtin.span.ntags=<NA>)","priority":"Error","rule":"Test open file","source":"syscall","tags":["container","users"],"time":"2022-07-27T07:13:19.893472978Z", "output_fields": {"evt.time":1658905999893472978,"evtin.span.id":null,"evtin.span.ntags":null,"span.id":null,"span.ntags":null,"span.tags":null}}
{"output":"00:13:19.893482156: Error Sensitive files that contain attributes of pod's CPU opened.(span.id = <NA> span.ntags=<NA> span.tags=<NA> evtin.span.id=<NA> evtin.span.ntags=<NA>)","priority":"Error","rule":"Test open file","source":"syscall","tags":["container","users"],"time":"2022-07-27T07:13:19.893482156Z", "output_fields": {"evt.time":1658905999893482156,"evtin.span.id":null,"evtin.span.ntags":null,"span.id":null,"span.ntags":null,"span.tags":null}}
{"output":"00:13:19.893490054: Error Sensitive files that contain attributes of pod's CPU opened.(span.id = <NA> span.ntags=<NA> span.tags=<NA> evtin.span.id=<NA> evtin.span.ntags=<NA>)","priority":"Error","rule":"Test open file","source":"syscall","tags":["container","users"],"time":"2022-07-27T07:13:19.893490054Z", "output_fields": {"evt.time":1658905999893490054,"evtin.span.id":null,"evtin.span.ntags":null,"span.id":null,"span.ntags":null,"span.tags":null}}
{"output":"00:13:19.893497468: Error Sensitive files that contain attributes of pod's CPU opened.(span.id = <NA> span.ntags=<NA> span.tags=<NA> evtin.span.id=<NA> evtin.span.ntags=<NA>)","priority":"Error","rule":"Test open file","source":"syscall","tags":["container","users"],"time":"2022-07-27T07:13:19.893497468Z", "output_fields": {"evt.time":1658905999893497468,"evtin.span.id":null,"evtin.span.ntags":null,"span.id":null,"span.ntags":null,"span.tags":null}}
{"output":"00:13:19.893504862: Error Sensitive files that contain attributes of pod's CPU opened.(span.id = <NA> span.ntags=<NA> span.tags=<NA> evtin.span.id=<NA> evtin.span.ntags=<NA>)","priority":"Error","rule":"Test open file","source":"syscall","tags":["container","users"],"time":"2022-07-27T07:13:19.893504862Z", "output_fields": {"evt.time":1658905999893504862,"evtin.span.id":null,"evtin.span.ntags":null,"span.id":null,"span.ntags":null,"span.tags":null}}
{"output":"00:13:19.893512702: Error Sensitive files that contain attributes of pod's CPU opened.(span.id = <NA> span.ntags=<NA> span.tags=<NA> evtin.span.id=<NA> evtin.span.ntags=<NA>)","priority":"Error","rule":"Test open file","source":"syscall","tags":["container","users"],"time":"2022-07-27T07:13:19.893512702Z", "output_fields": {"evt.time":1658905999893512702,"evtin.span.id":null,"evtin.span.ntags":null,"span.id":null,"span.ntags":null,"span.tags":null}}
{"output":"00:13:19.893520035: Error Sensitive files that contain attributes of pod's CPU opened.(span.id = <NA> span.ntags=<NA> span.tags=<NA> evtin.span.id=<NA> evtin.span.ntags=<NA>)","priority":"Error","rule":"Test open file","source":"syscall","tags":["container","users"],"time":"2022-07-27T07:13:19.893520035Z", "output_fields": {"evt.time":1658905999893520035,"evtin.span.id":null,"evtin.span.ntags":null,"span.id":null,"span.ntags":null,"span.tags":null}}
{"output":"00:13:19.893528929: Error Sensitive files that contain attributes of pod's CPU opened.(span.id = <NA> span.ntags=<NA> span.tags=<NA> evtin.span.id=<NA> evtin.span.ntags=<NA>)","priority":"Error","rule":"Test open file","source":"syscall","tags":["container","users"],"time":"2022-07-27T07:13:19.893528929Z", "output_fields": {"evt.time":1658905999893528929,"evtin.span.id":null,"evtin.span.ntags":null,"span.id":null,"span.ntags":null,"span.tags":null}}
{"output":"00:13:19.893537150: Error Sensitive files that contain attributes of pod's CPU opened.(span.id = <NA> span.ntags=<NA> span.tags=<NA> evtin.span.id=<NA> evtin.span.ntags=<NA>)","priority":"Error","rule":"Test open file","source":"syscall","tags":["container","users"],"time":"2022-07-27T07:13:19.893537150Z", "output_fields": {"evt.time":1658905999893537150,"evtin.span.id":null,"evtin.span.ntags":null,"span.id":null,"span.ntags":null,"span.tags":null}}
{"output":"00:13:19.893544618: Error Sensitive files that contain attributes of pod's CPU opened.(span.id = <NA> span.ntags=<NA> span.tags=<NA> evtin.span.id=<NA> evtin.span.ntags=<NA>)","priority":"Error","rule":"Test open file","source":"syscall","tags":["container","users"],"time":"2022-07-27T07:13:19.893544618Z", "output_fields": {"evt.time":1658905999893544618,"evtin.span.id":null,"evtin.span.ntags":null,"span.id":null,"span.ntags":null,"span.tags":null}}
{"output":"00:13:19.893552479: Error Sensitive files that contain attributes of pod's CPU opened.(span.id = <NA> span.ntags=<NA> span.tags=<NA> evtin.span.id=<NA> evtin.span.ntags=<NA>)","priority":"Error","rule":"Test open file","source":"syscall","tags":["container","users"],"time":"2022-07-27T07:13:19.893552479Z", "output_fields": {"evt.time":1658905999893552479,"evtin.span.id":null,"evtin.span.ntags":null,"span.id":null,"span.ntags":null,"span.tags":null}}
{"output":"00:13:19.893560317: Error Sensitive files that contain attributes of pod's CPU opened.(span.id = <NA> span.ntags=<NA> span.tags=<NA> evtin.span.id=<NA> evtin.span.ntags=<NA>)","priority":"Error","rule":"Test open file","source":"syscall","tags":["container","users"],"time":"2022-07-27T07:13:19.893560317Z", "output_fields": {"evt.time":1658905999893560317,"evtin.span.id":null,"evtin.span.ntags":null,"span.id":null,"span.ntags":null,"span.tags":null}}
{"output":"00:13:19.893568235: Error Sensitive files that contain attributes of pod's CPU opened.(span.id = <NA> span.ntags=<NA> span.tags=<NA> evtin.span.id=<NA> evtin.span.ntags=<NA>)","priority":"Error","rule":"Test open file","source":"syscall","tags":["container","users"],"time":"2022-07-27T07:13:19.893568235Z", "output_fields": {"evt.time":1658905999893568235,"evtin.span.id":null,"evtin.span.ntags":null,"span.id":null,"span.ntags":null,"span.tags":null}}
{"output":"00:13:19.893574962: Error Sensitive files that contain attributes of pod's CPU opened.(span.id = <NA> span.ntags=<NA> span.tags=<NA> evtin.span.id=<NA> evtin.span.ntags=<NA>)","priority":"Error","rule":"Test open file","source":"syscall","tags":["container","users"],"time":"2022-07-27T07:13:19.893574962Z", "output_fields": {"evt.time":1658905999893574962,"evtin.span.id":null,"evtin.span.ntags":null,"span.id":null,"span.ntags":null,"span.tags":null}}
{"output":"00:13:19.893582197: Error Sensitive files that contain attributes of pod's CPU opened.(span.id = <NA> span.ntags=<NA> span.tags=<NA> evtin.span.id=<NA> evtin.span.ntags=<NA>)","priority":"Error","rule":"Test open file","source":"syscall","tags":["container","users"],"time":"2022-07-27T07:13:19.893582197Z", "output_fields": {"evt.time":1658905999893582197,"evtin.span.id":null,"evtin.span.ntags":null,"span.id":null,"span.ntags":null,"span.tags":null}}
{"output":"00:13:19.893589024: Error Sensitive files that contain attributes of pod's CPU opened.(span.id = <NA> span.ntags=<NA> span.tags=<NA> evtin.span.id=<NA> evtin.span.ntags=<NA>)","priority":"Error","rule":"Test open file","source":"syscall","tags":["container","users"],"time":"2022-07-27T07:13:19.893589024Z", "output_fields": {"evt.time":1658905999893589024,"evtin.span.id":null,"evtin.span.ntags":null,"span.id":null,"span.ntags":null,"span.tags":null}}
{"output":"00:13:19.893596722: Error Sensitive files that contain attributes of pod's CPU opened.(span.id = <NA> span.ntags=<NA> span.tags=<NA> evtin.span.id=<NA> evtin.span.ntags=<NA>)","priority":"Error","rule":"Test open file","source":"syscall","tags":["container","users"],"time":"2022-07-27T07:13:19.893596722Z", "output_fields": {"evt.time":1658905999893596722,"evtin.span.id":null,"evtin.span.ntags":null,"span.id":null,"span.ntags":null,"span.tags":null}}
{"output":"00:13:19.893605103: Error Sensitive files that contain attributes of pod's CPU opened.(span.id = <NA> span.ntags=<NA> span.tags=<NA> evtin.span.id=<NA> evtin.span.ntags=<NA>)","priority":"Error","rule":"Test open file","source":"syscall","tags":["container","users"],"time":"2022-07-27T07:13:19.893605103Z", "output_fields": {"evt.time":1658905999893605103,"evtin.span.id":null,"evtin.span.ntags":null,"span.id":null,"span.ntags":null,"span.tags":null}}
{"output":"00:13:19.893612962: Error Sensitive files that contain attributes of pod's CPU opened.(span.id = <NA> span.ntags=<NA> span.tags=<NA> evtin.span.id=<NA> evtin.span.ntags=<NA>)","priority":"Error","rule":"Test open file","source":"syscall","tags":["container","users"],"time":"2022-07-27T07:13:19.893612962Z", "output_fields": {"evt.time":1658905999893612962,"evtin.span.id":null,"evtin.span.ntags":null,"span.id":null,"span.ntags":null,"span.tags":null}}
{"output":"00:13:19.893620379: Error Sensitive files that contain attributes of pod's CPU opened.(span.id = <NA> span.ntags=<NA> span.tags=<NA> evtin.span.id=<NA> evtin.span.ntags=<NA>)","priority":"Error","rule":"Test open file","source":"syscall","tags":["container","users"],"time":"2022-07-27T07:13:19.893620379Z", "output_fields": {"evt.time":1658905999893620379,"evtin.span.id":null,"evtin.span.ntags":null,"span.id":null,"span.ntags":null,"span.tags":null}}
{"output":"00:13:19.893627522: Error Sensitive files that contain attributes of pod's CPU opened.(span.id = <NA> span.ntags=<NA> span.tags=<NA> evtin.span.id=<NA> evtin.span.ntags=<NA>)","priority":"Error","rule":"Test open file","source":"syscall","tags":["container","users"],"time":"2022-07-27T07:13:19.893627522Z", "output_fields": {"evt.time":1658905999893627522,"evtin.span.id":null,"evtin.span.ntags":null,"span.id":null,"span.ntags":null,"span.tags":null}}
{"output":"00:13:19.893634619: Error Sensitive files that contain attributes of pod's CPU opened.(span.id = <NA> span.ntags=<NA> span.tags=<NA> evtin.span.id=<NA> evtin.span.ntags=<NA>)","priority":"Error","rule":"Test open file","source":"syscall","tags":["container","users"],"time":"2022-07-27T07:13:19.893634619Z", "output_fields": {"evt.time":1658905999893634619,"evtin.span.id":null,"evtin.span.ntags":null,"span.id":null,"span.ntags":null,"span.tags":null}}
{"output":"00:13:19.893641744: Error Sensitive files that contain attributes of pod's CPU opened.(span.id = <NA> span.ntags=<NA> span.tags=<NA> evtin.span.id=<NA> evtin.span.ntags=<NA>)","priority":"Error","rule":"Test open file","source":"syscall","tags":["container","users"],"time":"2022-07-27T07:13:19.893641744Z", "output_fields": {"evt.time":1658905999893641744,"evtin.span.id":null,"evtin.span.ntags":null,"span.id":null,"span.ntags":null,"span.tags":null}}
{"output":"00:13:19.893648884: Error Sensitive files that contain attributes of pod's CPU opened.(span.id = <NA> span.ntags=<NA> span.tags=<NA> evtin.span.id=<NA> evtin.span.ntags=<NA>)","priority":"Error","rule":"Test open file","source":"syscall","tags":["container","users"],"time":"2022-07-27T07:13:19.893648884Z", "output_fields": {"evt.time":1658905999893648884,"evtin.span.id":null,"evtin.span.ntags":null,"span.id":null,"span.ntags":null,"span.tags":null}}
{"output":"00:13:19.893684908: Error Sensitive files that contain attributes of pod's CPU opened.(span.id = <NA> span.ntags=<NA> span.tags=<NA> evtin.span.id=<NA> evtin.span.ntags=<NA>)","priority":"Error","rule":"Test open file","source":"syscall","tags":["container","users"],"time":"2022-07-27T07:13:19.893684908Z", "output_fields": {"evt.time":1658905999893684908,"evtin.span.id":null,"evtin.span.ntags":null,"span.id":null,"span.ntags":null,"span.tags":null}}
{"output":"00:13:19.893692390: Error Sensitive files that contain attributes of pod's CPU opened.(span.id = <NA> span.ntags=<NA> span.tags=<NA> evtin.span.id=<NA> evtin.span.ntags=<NA>)","priority":"Error","rule":"Test open file","source":"syscall","tags":["container","users"],"time":"2022-07-27T07:13:19.893692390Z", "output_fields": {"evt.time":1658905999893692390,"evtin.span.id":null,"evtin.span.ntags":null,"span.id":null,"span.ntags":null,"span.tags":null}}
{"output":"00:13:19.893700142: Error Sensitive files that contain attributes of pod's CPU opened.(span.id = <NA> span.ntags=<NA> span.tags=<NA> evtin.span.id=<NA> evtin.span.ntags=<NA>)","priority":"Error","rule":"Test open file","source":"syscall","tags":["container","users"],"time":"2022-07-27T07:13:19.893700142Z", "output_fields": {"evt.time":1658905999893700142,"evtin.span.id":null,"evtin.span.ntags":null,"span.id":null,"span.ntags":null,"span.tags":null}}
{"output":"00:13:19.893718237: Error Sensitive files that contain attributes of pod's CPU opened.(span.id = <NA> span.ntags=<NA> span.tags=<NA> evtin.span.id=<NA> evtin.span.ntags=<NA>)","priority":"Error","rule":"Test open file","source":"syscall","tags":["container","users"],"time":"2022-07-27T07:13:19.893718237Z", "output_fields": {"evt.time":1658905999893718237,"evtin.span.id":null,"evtin.span.ntags":null,"span.id":null,"span.ntags":null,"span.tags":null}}
{"output":"00:13:19.893726509: Error Sensitive files that contain attributes of pod's CPU opened.(span.id = <NA> span.ntags=<NA> span.tags=<NA> evtin.span.id=<NA> evtin.span.ntags=<NA>)","priority":"Error","rule":"Test open file","source":"syscall","tags":["container","users"],"time":"2022-07-27T07:13:19.893726509Z", "output_fields": {"evt.time":1658905999893726509,"evtin.span.id":null,"evtin.span.ntags":null,"span.id":null,"span.ntags":null,"span.tags":null}}
{"output":"00:13:19.893733506: Error Sensitive files that contain attributes of pod's CPU opened.(span.id = <NA> span.ntags=<NA> span.tags=<NA> evtin.span.id=<NA> evtin.span.ntags=<NA>)","priority":"Error","rule":"Test open file","source":"syscall","tags":["container","users"],"time":"2022-07-27T07:13:19.893733506Z", "output_fields": {"evt.time":1658905999893733506,"evtin.span.id":null,"evtin.span.ntags":null,"span.id":null,"span.ntags":null,"span.tags":null}}
{"output":"00:13:19.893740062: Error Sensitive files that contain attributes of pod's CPU opened.(span.id = <NA> span.ntags=<NA> span.tags=<NA> evtin.span.id=<NA> evtin.span.ntags=<NA>)","priority":"Error","rule":"Test open file","source":"syscall","tags":["container","users"],"time":"2022-07-27T07:13:19.893740062Z", "output_fields": {"evt.time":1658905999893740062,"evtin.span.id":null,"evtin.span.ntags":null,"span.id":null,"span.ntags":null,"span.tags":null}}
{"output":"00:13:19.893746959: Error Sensitive files that contain attributes of pod's CPU opened.(span.id = <NA> span.ntags=<NA> span.tags=<NA> evtin.span.id=<NA> evtin.span.ntags=<NA>)","priority":"Error","rule":"Test open file","source":"syscall","tags":["container","users"],"time":"2022-07-27T07:13:19.893746959Z", "output_fields": {"evt.time":1658905999893746959,"evtin.span.id":null,"evtin.span.ntags":null,"span.id":null,"span.ntags":null,"span.tags":null}}
{"output":"00:13:19.893753953: Error Sensitive files that contain attributes of pod's CPU opened.(span.id = <NA> span.ntags=<NA> span.tags=<NA> evtin.span.id=<NA> evtin.span.ntags=<NA>)","priority":"Error","rule":"Test open file","source":"syscall","tags":["container","users"],"time":"2022-07-27T07:13:19.893753953Z", "output_fields": {"evt.time":1658905999893753953,"evtin.span.id":null,"evtin.span.ntags":null,"span.id":null,"span.ntags":null,"span.tags":null}}
{"output":"00:13:19.893761267: Error Sensitive files that contain attributes of pod's CPU opened.(span.id = <NA> span.ntags=<NA> span.tags=<NA> evtin.span.id=<NA> evtin.span.ntags=<NA>)","priority":"Error","rule":"Test open file","source":"syscall","tags":["container","users"],"time":"2022-07-27T07:13:19.893761267Z", "output_fields": {"evt.time":1658905999893761267,"evtin.span.id":null,"evtin.span.ntags":null,"span.id":null,"span.ntags":null,"span.tags":null}}
{"output":"00:13:19.893769099: Error Sensitive files that contain attributes of pod's CPU opened.(span.id = <NA> span.ntags=<NA> span.tags=<NA> evtin.span.id=<NA> evtin.span.ntags=<NA>)","priority":"Error","rule":"Test open file","source":"syscall","tags":["container","users"],"time":"2022-07-27T07:13:19.893769099Z", "output_fields": {"evt.time":1658905999893769099,"evtin.span.id":null,"evtin.span.ntags":null,"span.id":null,"span.ntags":null,"span.tags":null}}
{"output":"00:13:19.893776977: Error Sensitive files that contain attributes of pod's CPU opened.(span.id = <NA> span.ntags=<NA> span.tags=<NA> evtin.span.id=<NA> evtin.span.ntags=<NA>)","priority":"Error","rule":"Test open file","source":"syscall","tags":["container","users"],"time":"2022-07-27T07:13:19.893776977Z", "output_fields": {"evt.time":1658905999893776977,"evtin.span.id":null,"evtin.span.ntags":null,"span.id":null,"span.ntags":null,"span.tags":null}}
{"output":"00:13:19.893784070: Error Sensitive files that contain attributes of pod's CPU opened.(span.id = <NA> span.ntags=<NA> span.tags=<NA> evtin.span.id=<NA> evtin.span.ntags=<NA>)","priority":"Error","rule":"Test open file","source":"syscall","tags":["container","users"],"time":"2022-07-27T07:13:19.893784070Z", "output_fields": {"evt.time":1658905999893784070,"evtin.span.id":null,"evtin.span.ntags":null,"span.id":null,"span.ntags":null,"span.tags":null}}
{"output":"00:13:19.893791654: Error Sensitive files that contain attributes of pod's CPU opened.(span.id = <NA> span.ntags=<NA> span.tags=<NA> evtin.span.id=<NA> evtin.span.ntags=<NA>)","priority":"Error","rule":"Test open file","source":"syscall","tags":["container","users"],"time":"2022-07-27T07:13:19.893791654Z", "output_fields": {"evt.time":1658905999893791654,"evtin.span.id":null,"evtin.span.ntags":null,"span.id":null,"span.ntags":null,"span.tags":null}}
{"output":"00:13:19.893799988: Error Sensitive files that contain attributes of pod's CPU opened.(span.id = <NA> span.ntags=<NA> span.tags=<NA> evtin.span.id=<NA> evtin.span.ntags=<NA>)","priority":"Error","rule":"Test open file","source":"syscall","tags":["container","users"],"time":"2022-07-27T07:13:19.893799988Z", "output_fields": {"evt.time":1658905999893799988,"evtin.span.id":null,"evtin.span.ntags":null,"span.id":null,"span.ntags":null,"span.tags":null}}
{"output":"00:13:19.893807286: Error Sensitive files that contain attributes of pod's CPU opened.(span.id = <NA> span.ntags=<NA> span.tags=<NA> evtin.span.id=<NA> evtin.span.ntags=<NA>)","priority":"Error","rule":"Test open file","source":"syscall","tags":["container","users"],"time":"2022-07-27T07:13:19.893807286Z", "output_fields": {"evt.time":1658905999893807286,"evtin.span.id":null,"evtin.span.ntags":null,"span.id":null,"span.ntags":null,"span.tags":null}}
{"output":"00:13:19.893813990: Error Sensitive files that contain attributes of pod's CPU opened.(span.id = <NA> span.ntags=<NA> span.tags=<NA> evtin.span.id=<NA> evtin.span.ntags=<NA>)","priority":"Error","rule":"Test open file","source":"syscall","tags":["container","users"],"time":"2022-07-27T07:13:19.893813990Z", "output_fields": {"evt.time":1658905999893813990,"evtin.span.id":null,"evtin.span.ntags":null,"span.id":null,"span.ntags":null,"span.tags":null}}
{"output":"00:13:19.893821025: Error Sensitive files that contain attributes of pod's CPU opened.(span.id = <NA> span.ntags=<NA> span.tags=<NA> evtin.span.id=<NA> evtin.span.ntags=<NA>)","priority":"Error","rule":"Test open file","source":"syscall","tags":["container","users"],"time":"2022-07-27T07:13:19.893821025Z", "output_fields": {"evt.time":1658905999893821025,"evtin.span.id":null,"evtin.span.ntags":null,"span.id":null,"span.ntags":null,"span.tags":null}}
{"output":"00:13:19.893828183: Error Sensitive files that contain attributes of pod's CPU opened.(span.id = <NA> span.ntags=<NA> span.tags=<NA> evtin.span.id=<NA> evtin.span.ntags=<NA>)","priority":"Error","rule":"Test open file","source":"syscall","tags":["container","users"],"time":"2022-07-27T07:13:19.893828183Z", "output_fields": {"evt.time":1658905999893828183,"evtin.span.id":null,"evtin.span.ntags":null,"span.id":null,"span.ntags":null,"span.tags":null}}
{"output":"00:13:19.893835418: Error Sensitive files that contain attributes of pod's CPU opened.(span.id = <NA> span.ntags=<NA> span.tags=<NA> evtin.span.id=<NA> evtin.span.ntags=<NA>)","priority":"Error","rule":"Test open file","source":"syscall","tags":["container","users"],"time":"2022-07-27T07:13:19.893835418Z", "output_fields": {"evt.time":1658905999893835418,"evtin.span.id":null,"evtin.span.ntags":null,"span.id":null,"span.ntags":null,"span.tags":null}}
{"output":"00:13:19.893843503: Error Sensitive files that contain attributes of pod's CPU opened.(span.id = <NA> span.ntags=<NA> span.tags=<NA> evtin.span.id=<NA> evtin.span.ntags=<NA>)","priority":"Error","rule":"Test open file","source":"syscall","tags":["container","users"],"time":"2022-07-27T07:13:19.893843503Z", "output_fields": {"evt.time":1658905999893843503,"evtin.span.id":null,"evtin.span.ntags":null,"span.id":null,"span.ntags":null,"span.tags":null}}
{"output":"00:13:19.893879364: Error Sensitive files that contain attributes of pod's CPU opened.(span.id = <NA> span.ntags=<NA> span.tags=<NA> evtin.span.id=<NA> evtin.span.ntags=<NA>)","priority":"Error","rule":"Test open file","source":"syscall","tags":["container","users"],"time":"2022-07-27T07:13:19.893879364Z", "output_fields": {"evt.time":1658905999893879364,"evtin.span.id":null,"evtin.span.ntags":null,"span.id":null,"span.ntags":null,"span.tags":null}}
{"output":"00:13:19.893887212: Error Sensitive files that contain attributes of pod's CPU opened.(span.id = <NA> span.ntags=<NA> span.tags=<NA> evtin.span.id=<NA> evtin.span.ntags=<NA>)","priority":"Error","rule":"Test open file","source":"syscall","tags":["container","users"],"time":"2022-07-27T07:13:19.893887212Z", "output_fields": {"evt.time":1658905999893887212,"evtin.span.id":null,"evtin.span.ntags":null,"span.id":null,"span.ntags":null,"span.tags":null}}
{"output":"00:13:19.893894634: Error Sensitive files that contain attributes of pod's CPU opened.(span.id = <NA> span.ntags=<NA> span.tags=<NA> evtin.span.id=<NA> evtin.span.ntags=<NA>)","priority":"Error","rule":"Test open file","source":"syscall","tags":["container","users"],"time":"2022-07-27T07:13:19.893894634Z", "output_fields": {"evt.time":1658905999893894634,"evtin.span.id":null,"evtin.span.ntags":null,"span.id":null,"span.ntags":null,"span.tags":null}}
{"output":"00:13:19.893905203: Error Sensitive files that contain attributes of pod's CPU opened.(span.id = <NA> span.ntags=<NA> span.tags=<NA> evtin.span.id=<NA> evtin.span.ntags=<NA>)","priority":"Error","rule":"Test open file","source":"syscall","tags":["container","users"],"time":"2022-07-27T07:13:19.893905203Z", "output_fields": {"evt.time":1658905999893905203,"evtin.span.id":null,"evtin.span.ntags":null,"span.id":null,"span.ntags":null,"span.tags":null}}
{"output":"00:13:19.893912685: Error Sensitive files that contain attributes of pod's CPU opened.(span.id = <NA> span.ntags=<NA> span.tags=<NA> evtin.span.id=<NA> evtin.span.ntags=<NA>)","priority":"Error","rule":"Test open file","source":"syscall","tags":["container","users"],"time":"2022-07-27T07:13:19.893912685Z", "output_fields": {"evt.time":1658905999893912685,"evtin.span.id":null,"evtin.span.ntags":null,"span.id":null,"span.ntags":null,"span.tags":null}}
{"output":"00:13:19.893930743: Error Sensitive files that contain attributes of pod's CPU opened.(span.id = <NA> span.ntags=<NA> span.tags=<NA> evtin.span.id=<NA> evtin.span.ntags=<NA>)","priority":"Error","rule":"Test open file","source":"syscall","tags":["container","users"],"time":"2022-07-27T07:13:19.893930743Z", "output_fields": {"evt.time":1658905999893930743,"evtin.span.id":null,"evtin.span.ntags":null,"span.id":null,"span.ntags":null,"span.tags":null}}
{"output":"00:13:19.893939063: Error Sensitive files that contain attributes of pod's CPU opened.(span.id = <NA> span.ntags=<NA> span.tags=<NA> evtin.span.id=<NA> evtin.span.ntags=<NA>)","priority":"Error","rule":"Test open file","source":"syscall","tags":["container","users"],"time":"2022-07-27T07:13:19.893939063Z", "output_fields": {"evt.time":1658905999893939063,"evtin.span.id":null,"evtin.span.ntags":null,"span.id":null,"span.ntags":null,"span.tags":null}}
{"output":"00:13:19.893945936: Error Sensitive files that contain attributes of pod's CPU opened.(span.id = <NA> span.ntags=<NA> span.tags=<NA> evtin.span.id=<NA> evtin.span.ntags=<NA>)","priority":"Error","rule":"Test open file","source":"syscall","tags":["container","users"],"time":"2022-07-27T07:13:19.893945936Z", "output_fields": {"evt.time":1658905999893945936,"evtin.span.id":null,"evtin.span.ntags":null,"span.id":null,"span.ntags":null,"span.tags":null}}
{"output":"00:13:19.893952656: Error Sensitive files that contain attributes of pod's CPU opened.(span.id = <NA> span.ntags=<NA> span.tags=<NA> evtin.span.id=<NA> evtin.span.ntags=<NA>)","priority":"Error","rule":"Test open file","source":"syscall","tags":["container","users"],"time":"2022-07-27T07:13:19.893952656Z", "output_fields": {"evt.time":1658905999893952656,"evtin.span.id":null,"evtin.span.ntags":null,"span.id":null,"span.ntags":null,"span.tags":null}}
{"output":"00:13:19.893959730: Error Sensitive files that contain attributes of pod's CPU opened.(span.id = <NA> span.ntags=<NA> span.tags=<NA> evtin.span.id=<NA> evtin.span.ntags=<NA>)","priority":"Error","rule":"Test open file","source":"syscall","tags":["container","users"],"time":"2022-07-27T07:13:19.893959730Z", "output_fields": {"evt.time":1658905999893959730,"evtin.span.id":null,"evtin.span.ntags":null,"span.id":null,"span.ntags":null,"span.tags":null}}
{"output":"00:13:19.893966712: Error Sensitive files that contain attributes of pod's CPU opened.(span.id = <NA> span.ntags=<NA> span.tags=<NA> evtin.span.id=<NA> evtin.span.ntags=<NA>)","priority":"Error","rule":"Test open file","source":"syscall","tags":["container","users"],"time":"2022-07-27T07:13:19.893966712Z", "output_fields": {"evt.time":1658905999893966712,"evtin.span.id":null,"evtin.span.ntags":null,"span.id":null,"span.ntags":null,"span.tags":null}}
{"output":"00:13:19.893973721: Error Sensitive files that contain attributes of pod's CPU opened.(span.id = <NA> span.ntags=<NA> span.tags=<NA> evtin.span.id=<NA> evtin.span.ntags=<NA>)","priority":"Error","rule":"Test open file","source":"syscall","tags":["container","users"],"time":"2022-07-27T07:13:19.893973721Z", "output_fields": {"evt.time":1658905999893973721,"evtin.span.id":null,"evtin.span.ntags":null,"span.id":null,"span.ntags":null,"span.tags":null}}
{"output":"00:13:19.893981662: Error Sensitive files that contain attributes of pod's CPU opened.(span.id = <NA> span.ntags=<NA> span.tags=<NA> evtin.span.id=<NA> evtin.span.ntags=<NA>)","priority":"Error","rule":"Test open file","source":"syscall","tags":["container","users"],"time":"2022-07-27T07:13:19.893981662Z", "output_fields": {"evt.time":1658905999893981662,"evtin.span.id":null,"evtin.span.ntags":null,"span.id":null,"span.ntags":null,"span.tags":null}}
{"output":"00:13:19.893989087: Error Sensitive files that contain attributes of pod's CPU opened.(span.id = <NA> span.ntags=<NA> span.tags=<NA> evtin.span.id=<NA> evtin.span.ntags=<NA>)","priority":"Error","rule":"Test open file","source":"syscall","tags":["container","users"],"time":"2022-07-27T07:13:19.893989087Z", "output_fields": {"evt.time":1658905999893989087,"evtin.span.id":null,"evtin.span.ntags":null,"span.id":null,"span.ntags":null,"span.tags":null}}
{"output":"00:13:19.893996620: Error Sensitive files that contain attributes of pod's CPU opened.(span.id = <NA> span.ntags=<NA> span.tags=<NA> evtin.span.id=<NA> evtin.span.ntags=<NA>)","priority":"Error","rule":"Test open file","source":"syscall","tags":["container","users"],"time":"2022-07-27T07:13:19.893996620Z", "output_fields": {"evt.time":1658905999893996620,"evtin.span.id":null,"evtin.span.ntags":null,"span.id":null,"span.ntags":null,"span.tags":null}}
{"output":"00:13:19.894005289: Error Sensitive files that contain attributes of pod's CPU opened.(span.id = <NA> span.ntags=<NA> span.tags=<NA> evtin.span.id=<NA> evtin.span.ntags=<NA>)","priority":"Error","rule":"Test open file","source":"syscall","tags":["container","users"],"time":"2022-07-27T07:13:19.894005289Z", "output_fields": {"evt.time":1658905999894005289,"evtin.span.id":null,"evtin.span.ntags":null,"span.id":null,"span.ntags":null,"span.tags":null}}
{"output":"00:13:19.894013773: Error Sensitive files that contain attributes of pod's CPU opened.(span.id = <NA> span.ntags=<NA> span.tags=<NA> evtin.span.id=<NA> evtin.span.ntags=<NA>)","priority":"Error","rule":"Test open file","source":"syscall","tags":["container","users"],"time":"2022-07-27T07:13:19.894013773Z", "output_fields": {"evt.time":1658905999894013773,"evtin.span.id":null,"evtin.span.ntags":null,"span.id":null,"span.ntags":null,"span.tags":null}}
{"output":"00:13:19.894020534: Error Sensitive files that contain attributes of pod's CPU opened.(span.id = <NA> span.ntags=<NA> span.tags=<NA> evtin.span.id=<NA> evtin.span.ntags=<NA>)","priority":"Error","rule":"Test open file","source":"syscall","tags":["container","users"],"time":"2022-07-27T07:13:19.894020534Z", "output_fields": {"evt.time":1658905999894020534,"evtin.span.id":null,"evtin.span.ntags":null,"span.id":null,"span.ntags":null,"span.tags":null}}
{"output":"00:13:19.894027073: Error Sensitive files that contain attributes of pod's CPU opened.(span.id = <NA> span.ntags=<NA> span.tags=<NA> evtin.span.id=<NA> evtin.span.ntags=<NA>)","priority":"Error","rule":"Test open file","source":"syscall","tags":["container","users"],"time":"2022-07-27T07:13:19.894027073Z", "output_fields": {"evt.time":1658905999894027073,"evtin.span.id":null,"evtin.span.ntags":null,"span.id":null,"span.ntags":null,"span.tags":null}}
{"output":"00:13:19.894034088: Error Sensitive files that contain attributes of pod's CPU opened.(span.id = <NA> span.ntags=<NA> span.tags=<NA> evtin.span.id=<NA> evtin.span.ntags=<NA>)","priority":"Error","rule":"Test open file","source":"syscall","tags":["container","users"],"time":"2022-07-27T07:13:19.894034088Z", "output_fields": {"evt.time":1658905999894034088,"evtin.span.id":null,"evtin.span.ntags":null,"span.id":null,"span.ntags":null,"span.tags":null}}
{"output":"00:13:19.894041023: Error Sensitive files that contain attributes of pod's CPU opened.(span.id = <NA> span.ntags=<NA> span.tags=<NA> evtin.span.id=<NA> evtin.span.ntags=<NA>)","priority":"Error","rule":"Test open file","source":"syscall","tags":["container","users"],"time":"2022-07-27T07:13:19.894041023Z", "output_fields": {"evt.time":1658905999894041023,"evtin.span.id":null,"evtin.span.ntags":null,"span.id":null,"span.ntags":null,"span.tags":null}}
{"output":"00:13:19.894047673: Error Sensitive files that contain attributes of pod's CPU opened.(span.id = <NA> span.ntags=<NA> span.tags=<NA> evtin.span.id=<NA> evtin.span.ntags=<NA>)","priority":"Error","rule":"Test open file","source":"syscall","tags":["container","users"],"time":"2022-07-27T07:13:19.894047673Z", "output_fields": {"evt.time":1658905999894047673,"evtin.span.id":null,"evtin.span.ntags":null,"span.id":null,"span.ntags":null,"span.tags":null}}
{"output":"00:13:19.894072356: Error Sensitive files that contain attributes of pod's CPU opened.(span.id = <NA> span.ntags=<NA> span.tags=<NA> evtin.span.id=<NA> evtin.span.ntags=<NA>)","priority":"Error","rule":"Test open file","source":"syscall","tags":["container","users"],"time":"2022-07-27T07:13:19.894072356Z", "output_fields": {"evt.time":1658905999894072356,"evtin.span.id":null,"evtin.span.ntags":null,"span.id":null,"span.ntags":null,"span.tags":null}}
{"output":"00:13:19.894084665: Error Sensitive files that contain attributes of pod's CPU opened.(span.id = <NA> span.ntags=<NA> span.tags=<NA> evtin.span.id=<NA> evtin.span.ntags=<NA>)","priority":"Error","rule":"Test open file","source":"syscall","tags":["container","users"],"time":"2022-07-27T07:13:19.894084665Z", "output_fields": {"evt.time":1658905999894084665,"evtin.span.id":null,"evtin.span.ntags":null,"span.id":null,"span.ntags":null,"span.tags":null}}
{"output":"00:13:19.894091474: Error Sensitive files that contain attributes of pod's CPU opened.(span.id = <NA> span.ntags=<NA> span.tags=<NA> evtin.span.id=<NA> evtin.span.ntags=<NA>)","priority":"Error","rule":"Test open file","source":"syscall","tags":["container","users"],"time":"2022-07-27T07:13:19.894091474Z", "output_fields": {"evt.time":1658905999894091474,"evtin.span.id":null,"evtin.span.ntags":null,"span.id":null,"span.ntags":null,"span.tags":null}}
{"output":"00:13:19.894099365: Error Sensitive files that contain attributes of pod's CPU opened.(span.id = <NA> span.ntags=<NA> span.tags=<NA> evtin.span.id=<NA> evtin.span.ntags=<NA>)","priority":"Error","rule":"Test open file","source":"syscall","tags":["container","users"],"time":"2022-07-27T07:13:19.894099365Z", "output_fields": {"evt.time":1658905999894099365,"evtin.span.id":null,"evtin.span.ntags":null,"span.id":null,"span.ntags":null,"span.tags":null}}
{"output":"00:13:19.894107046: Error Sensitive files that contain attributes of pod's CPU opened.(span.id = <NA> span.ntags=<NA> span.tags=<NA> evtin.span.id=<NA> evtin.span.ntags=<NA>)","priority":"Error","rule":"Test open file","source":"syscall","tags":["container","users"],"time":"2022-07-27T07:13:19.894107046Z", "output_fields": {"evt.time":1658905999894107046,"evtin.span.id":null,"evtin.span.ntags":null,"span.id":null,"span.ntags":null,"span.tags":null}}
{"output":"00:13:19.894114495: Error Sensitive files that contain attributes of pod's CPU opened.(span.id = <NA> span.ntags=<NA> span.tags=<NA> evtin.span.id=<NA> evtin.span.ntags=<NA>)","priority":"Error","rule":"Test open file","source":"syscall","tags":["container","users"],"time":"2022-07-27T07:13:19.894114495Z", "output_fields": {"evt.time":1658905999894114495,"evtin.span.id":null,"evtin.span.ntags":null,"span.id":null,"span.ntags":null,"span.tags":null}}
{"output":"00:13:19.894121796: Error Sensitive files that contain attributes of pod's CPU opened.(span.id = <NA> span.ntags=<NA> span.tags=<NA> evtin.span.id=<NA> evtin.span.ntags=<NA>)","priority":"Error","rule":"Test open file","source":"syscall","tags":["container","users"],"time":"2022-07-27T07:13:19.894121796Z", "output_fields": {"evt.time":1658905999894121796,"evtin.span.id":null,"evtin.span.ntags":null,"span.id":null,"span.ntags":null,"span.tags":null}}
{"output":"00:13:19.894158488: Error Sensitive files that contain attributes of pod's CPU opened.(span.id = <NA> span.ntags=<NA> span.tags=<NA> evtin.span.id=<NA> evtin.span.ntags=<NA>)","priority":"Error","rule":"Test open file","source":"syscall","tags":["container","users"],"time":"2022-07-27T07:13:19.894158488Z", "output_fields": {"evt.time":1658905999894158488,"evtin.span.id":null,"evtin.span.ntags":null,"span.id":null,"span.ntags":null,"span.tags":null}}
{"output":"00:13:19.894165866: Error Sensitive files that contain attributes of pod's CPU opened.(span.id = <NA> span.ntags=<NA> span.tags=<NA> evtin.span.id=<NA> evtin.span.ntags=<NA>)","priority":"Error","rule":"Test open file","source":"syscall","tags":["container","users"],"time":"2022-07-27T07:13:19.894165866Z", "output_fields": {"evt.time":1658905999894165866,"evtin.span.id":null,"evtin.span.ntags":null,"span.id":null,"span.ntags":null,"span.tags":null}}
{"output":"00:13:19.894173240: Error Sensitive files that contain attributes of pod's CPU opened.(span.id = <NA> span.ntags=<NA> span.tags=<NA> evtin.span.id=<NA> evtin.span.ntags=<NA>)","priority":"Error","rule":"Test open file","source":"syscall","tags":["container","users"],"time":"2022-07-27T07:13:19.894173240Z", "output_fields": {"evt.time":1658905999894173240,"evtin.span.id":null,"evtin.span.ntags":null,"span.id":null,"span.ntags":null,"span.tags":null}}
{"output":"00:13:19.894191528: Error Sensitive files that contain attributes of pod's CPU opened.(span.id = <NA> span.ntags=<NA> span.tags=<NA> evtin.span.id=<NA> evtin.span.ntags=<NA>)","priority":"Error","rule":"Test open file","source":"syscall","tags":["container","users"],"time":"2022-07-27T07:13:19.894191528Z", "output_fields": {"evt.time":1658905999894191528,"evtin.span.id":null,"evtin.span.ntags":null,"span.id":null,"span.ntags":null,"span.tags":null}}
{"output":"00:13:19.894199712: Error Sensitive files that contain attributes of pod's CPU opened.(span.id = <NA> span.ntags=<NA> span.tags=<NA> evtin.span.id=<NA> evtin.span.ntags=<NA>)","priority":"Error","rule":"Test open file","source":"syscall","tags":["container","users"],"time":"2022-07-27T07:13:19.894199712Z", "output_fields": {"evt.time":1658905999894199712,"evtin.span.id":null,"evtin.span.ntags":null,"span.id":null,"span.ntags":null,"span.tags":null}}
{"output":"00:13:19.894206583: Error Sensitive files that contain attributes of pod's CPU opened.(span.id = <NA> span.ntags=<NA> span.tags=<NA> evtin.span.id=<NA> evtin.span.ntags=<NA>)","priority":"Error","rule":"Test open file","source":"syscall","tags":["container","users"],"time":"2022-07-27T07:13:19.894206583Z", "output_fields": {"evt.time":1658905999894206583,"evtin.span.id":null,"evtin.span.ntags":null,"span.id":null,"span.ntags":null,"span.tags":null}}
{"output":"00:13:19.894213127: Error Sensitive files that contain attributes of pod's CPU opened.(span.id = <NA> span.ntags=<NA> span.tags=<NA> evtin.span.id=<NA> evtin.span.ntags=<NA>)","priority":"Error","rule":"Test open file","source":"syscall","tags":["container","users"],"time":"2022-07-27T07:13:19.894213127Z", "output_fields": {"evt.time":1658905999894213127,"evtin.span.id":null,"evtin.span.ntags":null,"span.id":null,"span.ntags":null,"span.tags":null}}
{"output":"00:13:19.894220453: Error Sensitive files that contain attributes of pod's CPU opened.(span.id = <NA> span.ntags=<NA> span.tags=<NA> evtin.span.id=<NA> evtin.span.ntags=<NA>)","priority":"Error","rule":"Test open file","source":"syscall","tags":["container","users"],"time":"2022-07-27T07:13:19.894220453Z", "output_fields": {"evt.time":1658905999894220453,"evtin.span.id":null,"evtin.span.ntags":null,"span.id":null,"span.ntags":null,"span.tags":null}}
{"output":"00:13:19.894227447: Error Sensitive files that contain attributes of pod's CPU opened.(span.id = <NA> span.ntags=<NA> span.tags=<NA> evtin.span.id=<NA> evtin.span.ntags=<NA>)","priority":"Error","rule":"Test open file","source":"syscall","tags":["container","users"],"time":"2022-07-27T07:13:19.894227447Z", "output_fields": {"evt.time":1658905999894227447,"evtin.span.id":null,"evtin.span.ntags":null,"span.id":null,"span.ntags":null,"span.tags":null}}
{"output":"00:13:19.894234677: Error Sensitive files that contain attributes of pod's CPU opened.(span.id = <NA> span.ntags=<NA> span.tags=<NA> evtin.span.id=<NA> evtin.span.ntags=<NA>)","priority":"Error","rule":"Test open file","source":"syscall","tags":["container","users"],"time":"2022-07-27T07:13:19.894234677Z", "output_fields": {"evt.time":1658905999894234677,"evtin.span.id":null,"evtin.span.ntags":null,"span.id":null,"span.ntags":null,"span.tags":null}}
